id,first_name,last_name,email,user_name
1,Susan,Gomez,sgomez0@cpanel.net,sgomez0
2,Betty,Crawford,bcrawford1@google.com.au,bcrawford1
3,Carlos,Wilson,cwilson2@wikia.com,cwilson2
4,Evelyn,Black,eblack3@fema.gov,eblack3
5,Gary,Wright,gwright4@umich.edu,gwright4
6,Susan,Mcdonald,smcdonald5@shareasale.com,smcdonald5
7,Dorothy,Hudson,dhudson6@mozilla.com,dhudson6
8,Joyce,Bishop,jbishop7@issuu.com,jbishop7
9,Kevin,Smith,ksmith8@unicef.org,ksmith8
10,Tina,Barnes,tbarnes9@surveymonkey.com,tbarnes9
11,Henry,Butler,hbutlera@ebay.com,hbutlera
12,Shawn,Jackson,sjacksonb@abc.net.au,sjacksonb
13,Tammy,Powell,tpowellc@slideshare.net,tpowellc
14,Joyce,Lawrence,jlawrenced@google.co.jp,jlawrenced
15,John,Wood,jwoode@gnu.org,jwoode
16,Joseph,Ward,jwardf@nydailynews.com,jwardf
17,Cynthia,Richardson,crichardsong@biblegateway.com,crichardsong
18,Betty,Richards,brichardsh@java.com,brichardsh
19,Janet,Long,jlongi@slate.com,jlongi
20,John,Garrett,jgarrettj@hud.gov,jgarrettj
21,Janet,Perez,jperezk@hud.gov,jperezk
22,George,Ellis,gellisl@wiley.com,gellisl
23,Gerald,Edwards,gedwardsm@blogtalkradio.com,gedwardsm
24,Ralph,Murray,rmurrayn@marketwatch.com,rmurrayn
25,Justin,Ruiz,jruizo@theglobeandmail.com,jruizo
26,Cynthia,Morgan,cmorganp@hubpages.com,cmorganp
27,Ralph,Garza,rgarzaq@pbs.org,rgarzaq
28,Harry,Dean,hdeanr@biblegateway.com,hdeanr
29,Robert,Lewis,rlewiss@pinterest.com,rlewiss
30,Christina,Kim,ckimt@youtu.be,ckimt
31,Joshua,Kelley,jkelleyu@sakura.ne.jp,jkelleyu
32,James,Nichols,jnicholsv@w3.org,jnicholsv
33,Billy,Wilson,bwilsonw@techcrunch.com,bwilsonw
34,Brian,Kennedy,bkennedyx@psu.edu,bkennedyx
35,Henry,Graham,hgrahamy@technorati.com,hgrahamy
36,Paula,Carr,pcarrz@indiegogo.com,pcarrz
37,Paul,Berry,pberry10@imageshack.us,pberry10
38,Frances,Reid,freid11@reuters.com,freid11
39,Maria,Carter,mcarter12@intel.com,mcarter12
40,Ruby,Gray,rgray13@lycos.com,rgray13
41,Lisa,Jordan,ljordan14@google.com.br,ljordan14
42,Denise,Watkins,dwatkins15@spiegel.de,dwatkins15
43,Janet,Rodriguez,jrodriguez16@omniture.com,jrodriguez16
44,Willie,Myers,wmyers17@sun.com,wmyers17
45,Michael,Lane,mlane18@yandex.ru,mlane18
46,Anthony,Ramirez,aramirez19@lulu.com,aramirez19
47,Michael,King,mking1a@unblog.fr,mking1a
48,Johnny,Howell,jhowell1b@list-manage.com,jhowell1b
49,Carl,Cunningham,ccunningham1c@plala.or.jp,ccunningham1c
50,Paula,Hayes,phayes1d@123-reg.co.uk,phayes1d
51,Brian,Richardson,brichardson1e@yelp.com,brichardson1e
52,Joyce,Ferguson,jferguson1f@technorati.com,jferguson1f
53,Jimmy,Wheeler,jwheeler1g@nytimes.com,jwheeler1g
54,Michael,Turner,mturner1h@furl.net,mturner1h
55,Phillip,Holmes,pholmes1i@hp.com,pholmes1i
56,Johnny,Grant,jgrant1j@admin.ch,jgrant1j
57,Brandon,Lee,blee1k@google.ca,blee1k
58,Theresa,Thompson,tthompson1l@newsvine.com,tthompson1l
59,Carolyn,Robertson,crobertson1m@walmart.com,crobertson1m
60,Anna,Day,aday1n@latimes.com,aday1n
61,Cynthia,Spencer,cspencer1o@techcrunch.com,cspencer1o
62,Keith,Hunt,khunt1p@jalbum.net,khunt1p
63,Lori,Phillips,lphillips1q@youtu.be,lphillips1q
64,Judy,Carpenter,jcarpenter1r@sbwire.com,jcarpenter1r
65,Lois,Nelson,lnelson1s@mozilla.org,lnelson1s
66,Todd,Montgomery,tmontgomery1t@mapy.cz,tmontgomery1t
67,Gary,Lewis,glewis1u@posterous.com,glewis1u
68,Frank,Banks,fbanks1v@mapquest.com,fbanks1v
69,Julia,Parker,jparker1w@mozilla.com,jparker1w
70,Arthur,Gray,agray1x@wsj.com,agray1x
71,Lisa,Thomas,lthomas1y@cyberchimps.com,lthomas1y
72,David,Baker,dbaker1z@abc.net.au,dbaker1z
73,Adam,Hughes,ahughes20@ning.com,ahughes20
74,Lois,Long,llong21@nba.com,llong21
75,Sara,Ryan,sryan22@umich.edu,sryan22
76,Gary,Jenkins,gjenkins23@comcast.net,gjenkins23
77,Frances,Sullivan,fsullivan24@tinyurl.com,fsullivan24
78,Deborah,Mcdonald,dmcdonald25@statcounter.com,dmcdonald25
79,Elizabeth,Wheeler,ewheeler26@chicagotribune.com,ewheeler26
80,Marilyn,Andrews,mandrews27@360.cn,mandrews27
81,Jerry,Fields,jfields28@technorati.com,jfields28
82,Douglas,Harris,dharris29@usatoday.com,dharris29
83,Norma,Knight,nknight2a@jigsy.com,nknight2a
84,Ashley,Rose,arose2b@buzzfeed.com,arose2b
85,Marilyn,Riley,mriley2c@infoseek.co.jp,mriley2c
86,Karen,Dunn,kdunn2d@ifeng.com,kdunn2d
87,Bonnie,Franklin,bfranklin2e@seattletimes.com,bfranklin2e
88,Patrick,Peterson,ppeterson2f@nih.gov,ppeterson2f
89,John,Knight,jknight2g@kickstarter.com,jknight2g
90,Willie,Gordon,wgordon2h@yahoo.co.jp,wgordon2h
91,Shirley,Sanchez,ssanchez2i@nps.gov,ssanchez2i
92,Nancy,Morris,nmorris2j@nsw.gov.au,nmorris2j
93,Lillian,Harris,lharris2k@epa.gov,lharris2k
94,Susan,Morrison,smorrison2l@wordpress.org,smorrison2l
95,Joseph,Cox,jcox2m@dailymail.co.uk,jcox2m
96,Anna,Holmes,aholmes2n@pen.io,aholmes2n
97,John,Knight,jknight2o@princeton.edu,jknight2o
98,Cheryl,Jenkins,cjenkins2p@dedecms.com,cjenkins2p
99,Kathryn,Hanson,khanson2q@shareasale.com,khanson2q
100,Antonio,Barnes,abarnes2r@flickr.com,abarnes2r
101,Theresa,Day,tday2s@woothemes.com,tday2s
102,Frances,Cruz,fcruz2t@diigo.com,fcruz2t
103,Michael,Mcdonald,mmcdonald2u@whitehouse.gov,mmcdonald2u
104,Dorothy,Ramos,dramos2v@sogou.com,dramos2v
105,Jacqueline,Matthews,jmatthews2w@symantec.com,jmatthews2w
106,Deborah,Jackson,djackson2x@yahoo.co.jp,djackson2x
107,Donna,Baker,dbaker2y@japanpost.jp,dbaker2y
108,Harry,Daniels,hdaniels2z@wiley.com,hdaniels2z
109,Kevin,Johnston,kjohnston30@webeden.co.uk,kjohnston30
110,Sandra,Scott,sscott31@wufoo.com,sscott31
111,Philip,Welch,pwelch32@fotki.com,pwelch32
112,Annie,Hawkins,ahawkins33@businessweek.com,ahawkins33
113,Kimberly,Harrison,kharrison34@latimes.com,kharrison34
114,Adam,Hunt,ahunt35@craigslist.org,ahunt35
115,Roy,Fields,rfields36@yellowbook.com,rfields36
116,Albert,Hunter,ahunter37@who.int,ahunter37
117,Steven,Cooper,scooper38@sourceforge.net,scooper38
118,Randy,Wood,rwood39@ibm.com,rwood39
119,Craig,Lawrence,clawrence3a@nymag.com,clawrence3a
120,Lawrence,Roberts,lroberts3b@nih.gov,lroberts3b
121,Philip,Cole,pcole3c@myspace.com,pcole3c
122,Justin,Gonzalez,jgonzalez3d@icio.us,jgonzalez3d
123,Emily,Cole,ecole3e@slashdot.org,ecole3e
124,Sara,Franklin,sfranklin3f@cnbc.com,sfranklin3f
125,Robert,James,rjames3g@technorati.com,rjames3g
126,Terry,Fields,tfields3h@buzzfeed.com,tfields3h
127,Jimmy,Peters,jpeters3i@aol.com,jpeters3i
128,Eugene,Adams,eadams3j@youtube.com,eadams3j
129,Jimmy,Hill,jhill3k@bizjournals.com,jhill3k
130,Joyce,Phillips,jphillips3l@cloudflare.com,jphillips3l
131,Rose,Young,ryoung3m@godaddy.com,ryoung3m
132,Jeremy,Lynch,jlynch3n@alexa.com,jlynch3n
133,Sharon,Phillips,sphillips3o@cyberchimps.com,sphillips3o
134,Albert,Mason,amason3p@ycombinator.com,amason3p
135,Kelly,Jackson,kjackson3q@dyndns.org,kjackson3q
136,Helen,Wagner,hwagner3r@elpais.com,hwagner3r
137,Gerald,Day,gday3s@angelfire.com,gday3s
138,Dennis,Woods,dwoods3t@dailymotion.com,dwoods3t
139,Adam,Day,aday3u@cnbc.com,aday3u
140,Beverly,Brooks,bbrooks3v@twitter.com,bbrooks3v
141,Jimmy,Carter,jcarter3w@technorati.com,jcarter3w
142,Lawrence,Kennedy,lkennedy3x@google.co.jp,lkennedy3x
143,Timothy,Hunter,thunter3y@angelfire.com,thunter3y
144,Judy,Burke,jburke3z@archive.org,jburke3z
145,Nicole,Washington,nwashington40@ucla.edu,nwashington40
146,Marilyn,Mason,mmason41@deviantart.com,mmason41
147,Sarah,Smith,ssmith42@ed.gov,ssmith42
148,Sarah,Fowler,sfowler43@vimeo.com,sfowler43
149,Laura,Russell,lrussell44@yandex.ru,lrussell44
150,Dennis,Carroll,dcarroll45@netscape.com,dcarroll45
151,Cheryl,Patterson,cpatterson46@yandex.ru,cpatterson46
152,Gerald,Pierce,gpierce47@flickr.com,gpierce47
153,Julia,Meyer,jmeyer48@forbes.com,jmeyer48
154,Judy,Wilson,jwilson49@feedburner.com,jwilson49
155,Beverly,Cox,bcox4a@sciencedirect.com,bcox4a
156,Helen,Ellis,hellis4b@gov.uk,hellis4b
157,Kenneth,Matthews,kmatthews4c@google.co.uk,kmatthews4c
158,Martin,Henry,mhenry4d@spotify.com,mhenry4d
159,Robert,Oliver,roliver4e@histats.com,roliver4e
160,Andrea,Collins,acollins4f@businessinsider.com,acollins4f
161,Alan,Nguyen,anguyen4g@friendfeed.com,anguyen4g
162,Kathy,Gibson,kgibson4h@nifty.com,kgibson4h
163,Ryan,Lynch,rlynch4i@jiathis.com,rlynch4i
164,Ronald,Ryan,rryan4j@dedecms.com,rryan4j
165,Edward,Mitchell,emitchell4k@topsy.com,emitchell4k
166,Keith,Miller,kmiller4l@blogger.com,kmiller4l
167,Chris,Ramirez,cramirez4m@netvibes.com,cramirez4m
168,Michelle,Myers,mmyers4n@apache.org,mmyers4n
169,Linda,Martinez,lmartinez4o@disqus.com,lmartinez4o
170,Lisa,Banks,lbanks4p@shop-pro.jp,lbanks4p
171,Phillip,Murray,pmurray4q@amazonaws.com,pmurray4q
172,Johnny,Evans,jevans4r@google.com.au,jevans4r
173,Gerald,Mendoza,gmendoza4s@digg.com,gmendoza4s
174,Shirley,Gilbert,sgilbert4t@shutterfly.com,sgilbert4t
175,Jonathan,Lewis,jlewis4u@google.fr,jlewis4u
176,Wayne,Reyes,wreyes4v@nationalgeographic.com,wreyes4v
177,Henry,Romero,hromero4w@hugedomains.com,hromero4w
178,Diane,Rose,drose4x@acquirethisname.com,drose4x
179,Robin,Burton,rburton4y@addthis.com,rburton4y
180,Michelle,Hamilton,mhamilton4z@simplemachines.org,mhamilton4z
181,Jeffrey,Lynch,jlynch50@infoseek.co.jp,jlynch50
182,Sandra,Kelly,skelly51@cnbc.com,skelly51
183,Carlos,Welch,cwelch52@blogspot.com,cwelch52
184,Anthony,Cooper,acooper53@wikimedia.org,acooper53
185,Irene,Bailey,ibailey54@devhub.com,ibailey54
186,Janet,Jordan,jjordan55@tuttocitta.it,jjordan55
187,Beverly,Reynolds,breynolds56@360.cn,breynolds56
188,Pamela,Romero,promero57@usa.gov,promero57
189,Kathy,Wells,kwells58@paginegialle.it,kwells58
190,Michael,Ramirez,mramirez59@marriott.com,mramirez59
191,Teresa,Palmer,tpalmer5a@trellian.com,tpalmer5a
192,Jimmy,Hunt,jhunt5b@weibo.com,jhunt5b
193,Frank,Morris,fmorris5c@reuters.com,fmorris5c
194,Tammy,Russell,trussell5d@cyberchimps.com,trussell5d
195,Thomas,Boyd,tboyd5e@nydailynews.com,tboyd5e
196,Justin,Palmer,jpalmer5f@infoseek.co.jp,jpalmer5f
197,Richard,Rice,rrice5g@ucla.edu,rrice5g
198,Jose,Burton,jburton5h@photobucket.com,jburton5h
199,Daniel,Fernandez,dfernandez5i@springer.com,dfernandez5i
200,James,Carpenter,jcarpenter5j@timesonline.co.uk,jcarpenter5j
201,Beverly,Scott,bscott5k@globo.com,bscott5k
202,Steven,Wallace,swallace5l@hugedomains.com,swallace5l
203,David,Ray,dray5m@nhs.uk,dray5m
204,Jessica,Fuller,jfuller5n@buzzfeed.com,jfuller5n
205,Kathryn,Miller,kmiller5o@dropbox.com,kmiller5o
206,Jane,Martinez,jmartinez5p@ibm.com,jmartinez5p
207,Tina,Murray,tmurray5q@liveinternet.ru,tmurray5q
208,Craig,Banks,cbanks5r@oakley.com,cbanks5r
209,Sharon,Daniels,sdaniels5s@oakley.com,sdaniels5s
210,Gloria,Garrett,ggarrett5t@washingtonpost.com,ggarrett5t
211,Bobby,Powell,bpowell5u@ucoz.ru,bpowell5u
212,Donald,Hart,dhart5v@blog.com,dhart5v
213,Jennifer,Ward,jward5w@berkeley.edu,jward5w
214,Jacqueline,Turner,jturner5x@nydailynews.com,jturner5x
215,Anne,Richards,arichards5y@hexun.com,arichards5y
216,Bonnie,Hawkins,bhawkins5z@mit.edu,bhawkins5z
217,Andrea,Gomez,agomez60@yahoo.com,agomez60
218,Cynthia,Romero,cromero61@tripod.com,cromero61
219,Joyce,Dunn,jdunn62@networksolutions.com,jdunn62
220,Rebecca,Crawford,rcrawford63@myspace.com,rcrawford63
221,Anna,Barnes,abarnes64@go.com,abarnes64
222,Walter,Mcdonald,wmcdonald65@pcworld.com,wmcdonald65
223,Dennis,Perry,dperry66@chronoengine.com,dperry66
224,Eugene,Campbell,ecampbell67@delicious.com,ecampbell67
225,Virginia,Lopez,vlopez68@addtoany.com,vlopez68
226,Henry,Lopez,hlopez69@list-manage.com,hlopez69
227,Ruth,Meyer,rmeyer6a@oakley.com,rmeyer6a
228,Joan,Weaver,jweaver6b@ucoz.com,jweaver6b
229,Marilyn,Gonzalez,mgonzalez6c@1688.com,mgonzalez6c
230,Eugene,Garza,egarza6d@deviantart.com,egarza6d
231,Justin,Wheeler,jwheeler6e@com.com,jwheeler6e
232,Jesse,Cook,jcook6f@mediafire.com,jcook6f
233,Aaron,Burns,aburns6g@go.com,aburns6g
234,Michelle,Thomas,mthomas6h@amazon.com,mthomas6h
235,Russell,Dean,rdean6i@washington.edu,rdean6i
236,Eugene,Murray,emurray6j@illinois.edu,emurray6j
237,Tina,Sullivan,tsullivan6k@over-blog.com,tsullivan6k
238,Ernest,Fox,efox6l@goo.ne.jp,efox6l
239,Steven,Spencer,sspencer6m@w3.org,sspencer6m
240,Michael,Fowler,mfowler6n@blogs.com,mfowler6n
241,Jimmy,Howard,jhoward6o@instagram.com,jhoward6o
242,Roger,Willis,rwillis6p@webs.com,rwillis6p
243,Angela,Simmons,asimmons6q@histats.com,asimmons6q
244,Kevin,Reid,kreid6r@gnu.org,kreid6r
245,Bonnie,Garcia,bgarcia6s@odnoklassniki.ru,bgarcia6s
246,David,Harrison,dharrison6t@hatena.ne.jp,dharrison6t
247,Beverly,Boyd,bboyd6u@diigo.com,bboyd6u
248,Stephen,Boyd,sboyd6v@purevolume.com,sboyd6v
249,Jennifer,Jenkins,jjenkins6w@twitpic.com,jjenkins6w
250,Helen,Matthews,hmatthews6x@amazon.co.jp,hmatthews6x
251,Frances,Brooks,fbrooks6y@marriott.com,fbrooks6y
252,Betty,Patterson,bpatterson6z@google.it,bpatterson6z
253,Scott,Harvey,sharvey70@berkeley.edu,sharvey70
254,Diana,Hansen,dhansen71@dailymotion.com,dhansen71
255,Aaron,Burton,aburton72@netlog.com,aburton72
256,Harold,Hayes,hhayes73@rakuten.co.jp,hhayes73
257,Ernest,Hanson,ehanson74@weather.com,ehanson74
258,George,Ellis,gellis75@jimdo.com,gellis75
259,Matthew,Wallace,mwallace76@hud.gov,mwallace76
260,Eric,Scott,escott77@usnews.com,escott77
261,Adam,Perry,aperry78@de.vu,aperry78
262,Michelle,Cunningham,mcunningham79@china.com.cn,mcunningham79
263,Gerald,Lynch,glynch7a@shutterfly.com,glynch7a
264,Wanda,Carpenter,wcarpenter7b@google.co.jp,wcarpenter7b
265,Craig,Burns,cburns7c@rambler.ru,cburns7c
266,Dorothy,Warren,dwarren7d@statcounter.com,dwarren7d
267,Jose,Taylor,jtaylor7e@cloudflare.com,jtaylor7e
268,David,Hunt,dhunt7f@bigcartel.com,dhunt7f
269,Stephen,Taylor,staylor7g@booking.com,staylor7g
270,Angela,Tucker,atucker7h@oakley.com,atucker7h
271,Ruby,Hayes,rhayes7i@mashable.com,rhayes7i
272,Jonathan,Jackson,jjackson7j@photobucket.com,jjackson7j
273,Bonnie,Hicks,bhicks7k@illinois.edu,bhicks7k
274,Louis,Edwards,ledwards7l@craigslist.org,ledwards7l
275,Annie,Hall,ahall7m@privacy.gov.au,ahall7m
276,Marilyn,Murphy,mmurphy7n@google.de,mmurphy7n
277,Edward,Grant,egrant7o@apache.org,egrant7o
278,Virginia,Hughes,vhughes7p@webs.com,vhughes7p
279,Randy,Ward,rward7q@eventbrite.com,rward7q
280,Rebecca,Green,rgreen7r@army.mil,rgreen7r
281,Tina,West,twest7s@zimbio.com,twest7s
282,Edward,Stone,estone7t@google.co.uk,estone7t
283,Adam,Cole,acole7u@a8.net,acole7u
284,Emily,Diaz,ediaz7v@cyberchimps.com,ediaz7v
285,Nicole,Elliott,nelliott7w@npr.org,nelliott7w
286,Jessica,Martin,jmartin7x@imdb.com,jmartin7x
287,Michelle,Kelly,mkelly7y@cbslocal.com,mkelly7y
288,Gloria,Flores,gflores7z@si.edu,gflores7z
289,Paul,Jenkins,pjenkins80@dropbox.com,pjenkins80
290,Helen,King,hking81@bigcartel.com,hking81
291,Carol,Brooks,cbrooks82@bandcamp.com,cbrooks82
292,Gerald,Matthews,gmatthews83@gnu.org,gmatthews83
293,Ralph,Rivera,rrivera84@devhub.com,rrivera84
294,Sean,Little,slittle85@upenn.edu,slittle85
295,Raymond,Ellis,rellis86@cnet.com,rellis86
296,Helen,Hart,hhart87@w3.org,hhart87
297,Annie,Baker,abaker88@google.fr,abaker88
298,Sean,Hudson,shudson89@cam.ac.uk,shudson89
299,Carol,Baker,cbaker8a@utexas.edu,cbaker8a
300,Cynthia,Green,cgreen8b@rambler.ru,cgreen8b
301,Jane,Jacobs,jjacobs8c@apache.org,jjacobs8c
302,Jeffrey,Tucker,jtucker8d@intel.com,jtucker8d
303,Todd,Jacobs,tjacobs8e@harvard.edu,tjacobs8e
304,Justin,Grant,jgrant8f@tamu.edu,jgrant8f
305,Thomas,Bell,tbell8g@ucoz.com,tbell8g
306,Lisa,Watkins,lwatkins8h@earthlink.net,lwatkins8h
307,Mary,Gibson,mgibson8i@creativecommons.org,mgibson8i
308,Mark,Romero,mromero8j@webeden.co.uk,mromero8j
309,Jessica,Hill,jhill8k@1688.com,jhill8k
310,Jonathan,Kim,jkim8l@a8.net,jkim8l
311,Theresa,Frazier,tfrazier8m@infoseek.co.jp,tfrazier8m
312,Norma,Kim,nkim8n@globo.com,nkim8n
313,Robert,Gonzalez,rgonzalez8o@spotify.com,rgonzalez8o
314,Pamela,Myers,pmyers8p@irs.gov,pmyers8p
315,Stephen,Kelly,skelly8q@about.com,skelly8q
316,Norma,Thomas,nthomas8r@qq.com,nthomas8r
317,Julia,Rivera,jrivera8s@ucla.edu,jrivera8s
318,Juan,Webb,jwebb8t@nydailynews.com,jwebb8t
319,Bonnie,Cole,bcole8u@freewebs.com,bcole8u
320,Edward,Frazier,efrazier8v@sourceforge.net,efrazier8v
321,Juan,Long,jlong8w@yolasite.com,jlong8w
322,Antonio,Harrison,aharrison8x@t-online.de,aharrison8x
323,Antonio,Jenkins,ajenkins8y@amazonaws.com,ajenkins8y
324,Charles,Jenkins,cjenkins8z@businessinsider.com,cjenkins8z
325,Gary,Reid,greid90@kickstarter.com,greid90
326,Bonnie,Webb,bwebb91@weebly.com,bwebb91
327,Kevin,Walker,kwalker92@bizjournals.com,kwalker92
328,Margaret,Little,mlittle93@delicious.com,mlittle93
329,Marilyn,Harris,mharris94@wsj.com,mharris94
330,Johnny,Patterson,jpatterson95@fda.gov,jpatterson95
331,Roger,Cox,rcox96@wikispaces.com,rcox96
332,Irene,Duncan,iduncan97@comsenz.com,iduncan97
333,Willie,Welch,wwelch98@jalbum.net,wwelch98
334,Lisa,Hayes,lhayes99@google.it,lhayes99
335,Juan,Hart,jhart9a@biblegateway.com,jhart9a
336,Donald,Alvarez,dalvarez9b@java.com,dalvarez9b
337,Chris,Morgan,cmorgan9c@paginegialle.it,cmorgan9c
338,Donald,Castillo,dcastillo9d@multiply.com,dcastillo9d
339,Steven,Perry,sperry9e@constantcontact.com,sperry9e
340,Brandon,Harris,bharris9f@adobe.com,bharris9f
341,Frances,Lynch,flynch9g@issuu.com,flynch9g
342,Lois,Gardner,lgardner9h@japanpost.jp,lgardner9h
343,Larry,Gonzalez,lgonzalez9i@networkadvertising.org,lgonzalez9i
344,Jack,Moore,jmoore9j@scribd.com,jmoore9j
345,Bobby,Ruiz,bruiz9k@japanpost.jp,bruiz9k
346,Judy,Howard,jhoward9l@1und1.de,jhoward9l
347,Juan,Scott,jscott9m@amazon.co.jp,jscott9m
348,Dorothy,Ellis,dellis9n@chron.com,dellis9n
349,Annie,Harper,aharper9o@irs.gov,aharper9o
350,Alan,Garza,agarza9p@cmu.edu,agarza9p
351,Mildred,Lynch,mlynch9q@squidoo.com,mlynch9q
352,Diane,Lewis,dlewis9r@hubpages.com,dlewis9r
353,Stephen,Fox,sfox9s@eventbrite.com,sfox9s
354,Lisa,Coleman,lcoleman9t@stumbleupon.com,lcoleman9t
355,Debra,Scott,dscott9u@51.la,dscott9u
356,Douglas,Grant,dgrant9v@squarespace.com,dgrant9v
357,Jason,Perez,jperez9w@a8.net,jperez9w
358,Albert,Collins,acollins9x@dmoz.org,acollins9x
359,Gloria,Franklin,gfranklin9y@desdev.cn,gfranklin9y
360,Heather,Torres,htorres9z@cbc.ca,htorres9z
361,Sara,Watson,swatsona0@nsw.gov.au,swatsona0
362,Kathy,Diaz,kdiaza1@kickstarter.com,kdiaza1
363,Walter,Harrison,wharrisona2@squidoo.com,wharrisona2
364,Stephanie,Chavez,schaveza3@pinterest.com,schaveza3
365,Ruby,George,rgeorgea4@dailymail.co.uk,rgeorgea4
366,Earl,Willis,ewillisa5@jiathis.com,ewillisa5
367,Carolyn,Knight,cknighta6@jalbum.net,cknighta6
368,Howard,Perry,hperrya7@marriott.com,hperrya7
369,Keith,Austin,kaustina8@dagondesign.com,kaustina8
370,Larry,Henry,lhenrya9@digg.com,lhenrya9
371,Roy,Wheeler,rwheeleraa@bloglines.com,rwheeleraa
372,Randy,Thompson,rthompsonab@google.com,rthompsonab
373,Phillip,Walker,pwalkerac@unblog.fr,pwalkerac
374,Jimmy,Miller,jmillerad@ox.ac.uk,jmillerad
375,Gerald,Fisher,gfisherae@cyberchimps.com,gfisherae
376,Gary,Campbell,gcampbellaf@com.com,gcampbellaf
377,Nicholas,Hall,nhallag@paginegialle.it,nhallag
378,Ruby,Olson,rolsonah@ca.gov,rolsonah
379,Michael,Wheeler,mwheelerai@tinyurl.com,mwheelerai
380,Brenda,Rose,broseaj@mayoclinic.com,broseaj
381,Donald,George,dgeorgeak@patch.com,dgeorgeak
382,Richard,Adams,radamsal@jugem.jp,radamsal
383,Joan,Martin,jmartinam@dell.com,jmartinam
384,Terry,Moreno,tmorenoan@epa.gov,tmorenoan
385,Joyce,Armstrong,jarmstrongao@aol.com,jarmstrongao
386,Brian,Greene,bgreeneap@addtoany.com,bgreeneap
387,Melissa,Ward,mwardaq@un.org,mwardaq
388,Matthew,Hall,mhallar@tinypic.com,mhallar
389,Wanda,Brown,wbrownas@time.com,wbrownas
390,Judith,Frazier,jfrazierat@sun.com,jfrazierat
391,Kelly,Allen,kallenau@youku.com,kallenau
392,Samuel,Vasquez,svasquezav@geocities.com,svasquezav
393,Anna,Williams,awilliamsaw@forbes.com,awilliamsaw
394,Denise,Jones,djonesax@ox.ac.uk,djonesax
395,Linda,Dunn,ldunnay@techcrunch.com,ldunnay
396,Donna,Grant,dgrantaz@mediafire.com,dgrantaz
397,Amy,Spencer,aspencerb0@army.mil,aspencerb0
398,Craig,Ortiz,cortizb1@hibu.com,cortizb1
399,Brenda,Andrews,bandrewsb2@wp.com,bandrewsb2
400,Adam,Wallace,awallaceb3@samsung.com,awallaceb3
401,Albert,Peterson,apetersonb4@g.co,apetersonb4
402,Randy,Knight,rknightb5@yandex.ru,rknightb5
403,Aaron,Lawson,alawsonb6@imageshack.us,alawsonb6
404,Steve,Baker,sbakerb7@si.edu,sbakerb7
405,David,Olson,dolsonb8@reference.com,dolsonb8
406,Anne,Phillips,aphillipsb9@ycombinator.com,aphillipsb9
407,Gloria,Owens,gowensba@salon.com,gowensba
408,Amy,Reid,areidbb@thetimes.co.uk,areidbb
409,Virginia,Howard,vhowardbc@wix.com,vhowardbc
410,Steve,Garrett,sgarrettbd@bizjournals.com,sgarrettbd
411,Ernest,Thomas,ethomasbe@odnoklassniki.ru,ethomasbe
412,Linda,Fuller,lfullerbf@mashable.com,lfullerbf
413,Amanda,Morrison,amorrisonbg@indiatimes.com,amorrisonbg
414,Wanda,Lee,wleebh@ovh.net,wleebh
415,Chris,Barnes,cbarnesbi@washingtonpost.com,cbarnesbi
416,Wanda,Sanchez,wsanchezbj@hud.gov,wsanchezbj
417,Sharon,Richards,srichardsbk@latimes.com,srichardsbk
418,Theresa,Burns,tburnsbl@fda.gov,tburnsbl
419,Earl,Ward,ewardbm@usnews.com,ewardbm
420,Virginia,Ruiz,vruizbn@ca.gov,vruizbn
421,Maria,Knight,mknightbo@goo.ne.jp,mknightbo
422,Willie,Ellis,wellisbp@so-net.ne.jp,wellisbp
423,Ruby,Matthews,rmatthewsbq@list-manage.com,rmatthewsbq
424,Russell,Harper,rharperbr@taobao.com,rharperbr
425,Louise,Tucker,ltuckerbs@bloomberg.com,ltuckerbs
426,Charles,Graham,cgrahambt@latimes.com,cgrahambt
427,Albert,Jordan,ajordanbu@quantcast.com,ajordanbu
428,Keith,Chavez,kchavezbv@japanpost.jp,kchavezbv
429,Lois,Anderson,landersonbw@europa.eu,landersonbw
430,Doris,Richards,drichardsbx@bbb.org,drichardsbx
431,Melissa,Harvey,mharveyby@nasa.gov,mharveyby
432,Henry,Perkins,hperkinsbz@vistaprint.com,hperkinsbz
433,Elizabeth,Alvarez,ealvarezc0@earthlink.net,ealvarezc0
434,Joshua,Gonzalez,jgonzalezc1@blogspot.com,jgonzalezc1
435,Ruth,Mcdonald,rmcdonaldc2@free.fr,rmcdonaldc2
436,Lawrence,Ramos,lramosc3@cpanel.net,lramosc3
437,Gerald,Price,gpricec4@uiuc.edu,gpricec4
438,Gerald,Willis,gwillisc5@rediff.com,gwillisc5
439,Tammy,Stephens,tstephensc6@abc.net.au,tstephensc6
440,Sharon,Ramos,sramosc7@liveinternet.ru,sramosc7
441,Juan,Day,jdayc8@chron.com,jdayc8
442,Evelyn,Spencer,espencerc9@netlog.com,espencerc9
443,Antonio,Castillo,acastilloca@acquirethisname.com,acastilloca
444,Charles,Ray,craycb@accuweather.com,craycb
445,Bonnie,Patterson,bpattersoncc@liveinternet.ru,bpattersoncc
446,Teresa,Wallace,twallacecd@omniture.com,twallacecd
447,Cheryl,Stanley,cstanleyce@businessinsider.com,cstanleyce
448,Sarah,Bailey,sbaileycf@acquirethisname.com,sbaileycf
449,Margaret,Lawson,mlawsoncg@theguardian.com,mlawsoncg
450,Catherine,Gomez,cgomezch@cnet.com,cgomezch
451,Christopher,Hawkins,chawkinsci@ning.com,chawkinsci
452,Rebecca,Williamson,rwilliamsoncj@google.ru,rwilliamsoncj
453,Linda,Gonzalez,lgonzalezck@google.co.jp,lgonzalezck
454,Stephanie,Peterson,spetersoncl@yellowpages.com,spetersoncl
455,Bruce,Harper,bharpercm@cocolog-nifty.com,bharpercm
456,Pamela,Fuller,pfullercn@epa.gov,pfullercn
457,Karen,Gonzalez,kgonzalezco@mac.com,kgonzalezco
458,Gary,Bowman,gbowmancp@weibo.com,gbowmancp
459,Adam,Cole,acolecq@eepurl.com,acolecq
460,Philip,Jackson,pjacksoncr@hao123.com,pjacksoncr
461,Katherine,Hayes,khayescs@163.com,khayescs
462,Brandon,Austin,baustinct@icq.com,baustinct
463,Kevin,Burns,kburnscu@list-manage.com,kburnscu
464,Justin,Lawson,jlawsoncv@google.es,jlawsoncv
465,Wanda,Schmidt,wschmidtcw@vinaora.com,wschmidtcw
466,John,Fuller,jfullercx@taobao.com,jfullercx
467,Frank,Perry,fperrycy@vimeo.com,fperrycy
468,Teresa,Price,tpricecz@marketwatch.com,tpricecz
469,Debra,Romero,dromerod0@dell.com,dromerod0
470,Ann,Hayes,ahayesd1@skyrock.com,ahayesd1
471,Jeremy,Peterson,jpetersond2@hc360.com,jpetersond2
472,Stephanie,Murray,smurrayd3@yahoo.com,smurrayd3
473,Heather,Carr,hcarrd4@ucsd.edu,hcarrd4
474,Arthur,Washington,awashingtond5@gnu.org,awashingtond5
475,Anthony,Robinson,arobinsond6@icq.com,arobinsond6
476,Angela,Arnold,aarnoldd7@redcross.org,aarnoldd7
477,Larry,Dean,ldeand8@e-recht24.de,ldeand8
478,Andrea,Garrett,agarrettd9@wikimedia.org,agarrettd9
479,Charles,Freeman,cfreemanda@geocities.jp,cfreemanda
480,William,Walker,wwalkerdb@g.co,wwalkerdb
481,Samuel,Mcdonald,smcdonalddc@dyndns.org,smcdonalddc
482,Eric,Cox,ecoxdd@ed.gov,ecoxdd
483,Andrea,Gray,agrayde@hibu.com,agrayde
484,Kelly,Elliott,kelliottdf@prlog.org,kelliottdf
485,Antonio,Nguyen,anguyendg@themeforest.net,anguyendg
486,Martin,Palmer,mpalmerdh@digg.com,mpalmerdh
487,Teresa,Taylor,ttaylordi@liveinternet.ru,ttaylordi
488,Mark,Sanchez,msanchezdj@squarespace.com,msanchezdj
489,Daniel,Freeman,dfreemandk@wix.com,dfreemandk
490,Peter,Fuller,pfullerdl@moonfruit.com,pfullerdl
491,Kelly,Day,kdaydm@usatoday.com,kdaydm
492,Joan,Gordon,jgordondn@paginegialle.it,jgordondn
493,Gloria,Rivera,griverado@mashable.com,griverado
494,Julie,Jordan,jjordandp@washingtonpost.com,jjordandp
495,Jason,Hawkins,jhawkinsdq@umn.edu,jhawkinsdq
496,Patricia,Gutierrez,pgutierrezdr@blogger.com,pgutierrezdr
497,Chris,Ray,crayds@answers.com,crayds
498,Lois,Ferguson,lfergusondt@earthlink.net,lfergusondt
499,Alice,Olson,aolsondu@omniture.com,aolsondu
500,Juan,Hunt,jhuntdv@google.fr,jhuntdv
501,Joshua,Jordan,jjordandw@wunderground.com,jjordandw
502,Richard,Crawford,rcrawforddx@51.la,rcrawforddx
503,Paul,Harper,pharperdy@whitehouse.gov,pharperdy
504,Kenneth,Phillips,kphillipsdz@dion.ne.jp,kphillipsdz
505,Willie,Rogers,wrogerse0@homestead.com,wrogerse0
506,Cynthia,Harrison,charrisone1@unicef.org,charrisone1
507,Laura,Chavez,lchaveze2@disqus.com,lchaveze2
508,Stephanie,Schmidt,sschmidte3@twitter.com,sschmidte3
509,Carl,Ward,cwarde4@flavors.me,cwarde4
510,Cynthia,Graham,cgrahame5@newyorker.com,cgrahame5
511,Adam,Burton,aburtone6@devhub.com,aburtone6
512,Kathy,George,kgeorgee7@intel.com,kgeorgee7
513,Karen,Nelson,knelsone8@irs.gov,knelsone8
514,Amy,Willis,awillise9@rambler.ru,awillise9
515,Ralph,Allen,rallenea@youtu.be,rallenea
516,Janice,George,jgeorgeeb@webmd.com,jgeorgeeb
517,Bobby,Gibson,bgibsonec@gravatar.com,bgibsonec
518,Nancy,Hernandez,nhernandezed@ft.com,nhernandezed
519,Beverly,Walker,bwalkeree@wiley.com,bwalkeree
520,Sharon,Harris,sharrisef@nyu.edu,sharrisef
521,Michael,Frazier,mfraziereg@parallels.com,mfraziereg
522,Jeffrey,Reynolds,jreynoldseh@newsvine.com,jreynoldseh
523,Emily,Cunningham,ecunninghamei@spiegel.de,ecunninghamei
524,Howard,Myers,hmyersej@facebook.com,hmyersej
525,Todd,Montgomery,tmontgomeryek@phoca.cz,tmontgomeryek
526,Gerald,Gibson,ggibsonel@unc.edu,ggibsonel
527,Shirley,Wilson,swilsonem@naver.com,swilsonem
528,Evelyn,White,ewhiteen@earthlink.net,ewhiteen
529,Rachel,Little,rlittleeo@gizmodo.com,rlittleeo
530,Aaron,Hernandez,ahernandezep@fda.gov,ahernandezep
531,Margaret,Carr,mcarreq@usgs.gov,mcarreq
532,Linda,Patterson,lpattersoner@google.cn,lpattersoner
533,Elizabeth,Spencer,espenceres@home.pl,espenceres
534,Ashley,Vasquez,avasquezet@reference.com,avasquezet
535,Douglas,Howell,dhowelleu@amazon.com,dhowelleu
536,Martin,Jones,mjonesev@japanpost.jp,mjonesev
537,Donald,Lopez,dlopezew@imgur.com,dlopezew
538,Dennis,Berry,dberryex@vk.com,dberryex
539,Christina,Jones,cjonesey@chicagotribune.com,cjonesey
540,Julie,Hanson,jhansonez@opera.com,jhansonez
541,Jack,Burns,jburnsf0@telegraph.co.uk,jburnsf0
542,Kimberly,Henry,khenryf1@shareasale.com,khenryf1
543,Debra,Griffin,dgriffinf2@indiatimes.com,dgriffinf2
544,Charles,Reed,creedf3@geocities.com,creedf3
545,Jesse,Wright,jwrightf4@yellowpages.com,jwrightf4
546,Cheryl,Perry,cperryf5@si.edu,cperryf5
547,Mary,Henry,mhenryf6@wiley.com,mhenryf6
548,Michelle,Bradley,mbradleyf7@statcounter.com,mbradleyf7
549,Deborah,Hawkins,dhawkinsf8@google.ca,dhawkinsf8
550,Amanda,Hicks,ahicksf9@unc.edu,ahicksf9
551,Barbara,Sanders,bsandersfa@google.de,bsandersfa
552,Angela,Collins,acollinsfb@icq.com,acollinsfb
553,Bonnie,Reed,breedfc@bloomberg.com,breedfc
554,Joan,Fox,jfoxfd@bluehost.com,jfoxfd
555,Roger,Ray,rrayfe@wired.com,rrayfe
556,Katherine,Anderson,kandersonff@issuu.com,kandersonff
557,Anne,George,ageorgefg@biglobe.ne.jp,ageorgefg
558,Philip,Fowler,pfowlerfh@t.co,pfowlerfh
559,Joe,Holmes,jholmesfi@privacy.gov.au,jholmesfi
560,Raymond,Adams,radamsfj@ebay.com,radamsfj
561,Amy,Nguyen,anguyenfk@blogger.com,anguyenfk
562,Robin,Evans,revansfl@engadget.com,revansfl
563,Angela,Hayes,ahayesfm@howstuffworks.com,ahayesfm
564,Bobby,Reed,breedfn@mozilla.org,breedfn
565,Frances,Mccoy,fmccoyfo@springer.com,fmccoyfo
566,Kevin,Ramirez,kramirezfp@sun.com,kramirezfp
567,Andrea,Owens,aowensfq@vinaora.com,aowensfq
568,Judith,Elliott,jelliottfr@wunderground.com,jelliottfr
569,Christina,Ruiz,cruizfs@godaddy.com,cruizfs
570,Beverly,Rice,briceft@behance.net,briceft
571,Johnny,Montgomery,jmontgomeryfu@booking.com,jmontgomeryfu
572,Peter,Fowler,pfowlerfv@techcrunch.com,pfowlerfv
573,Frances,Chapman,fchapmanfw@infoseek.co.jp,fchapmanfw
574,James,Lawrence,jlawrencefx@hhs.gov,jlawrencefx
575,Margaret,Black,mblackfy@weebly.com,mblackfy
576,Louise,Sims,lsimsfz@gov.uk,lsimsfz
577,Samuel,Mason,smasong0@mit.edu,smasong0
578,Mark,Smith,msmithg1@ustream.tv,msmithg1
579,Eric,Stephens,estephensg2@jigsy.com,estephensg2
580,Susan,Palmer,spalmerg3@last.fm,spalmerg3
581,Frances,Austin,fausting4@independent.co.uk,fausting4
582,Julie,Perez,jperezg5@printfriendly.com,jperezg5
583,Norma,Cunningham,ncunninghamg6@discuz.net,ncunninghamg6
584,Christine,Duncan,cduncang7@discovery.com,cduncang7
585,Kathryn,Payne,kpayneg8@sfgate.com,kpayneg8
586,Jerry,Mason,jmasong9@tiny.cc,jmasong9
587,Stephen,Hayes,shayesga@vk.com,shayesga
588,David,Cruz,dcruzgb@csmonitor.com,dcruzgb
589,Kelly,Hunt,khuntgc@princeton.edu,khuntgc
590,Lori,Medina,lmedinagd@loc.gov,lmedinagd
591,Jack,Thomas,jthomasge@hugedomains.com,jthomasge
592,Alan,Reyes,areyesgf@sina.com.cn,areyesgf
593,Douglas,Gonzales,dgonzalesgg@samsung.com,dgonzalesgg
594,Harold,Cole,hcolegh@webeden.co.uk,hcolegh
595,Dorothy,Cox,dcoxgi@epa.gov,dcoxgi
596,Ernest,Lawrence,elawrencegj@icio.us,elawrencegj
597,Michelle,Ramos,mramosgk@webeden.co.uk,mramosgk
598,Walter,Oliver,wolivergl@latimes.com,wolivergl
599,Norma,Snyder,nsnydergm@twitter.com,nsnydergm
600,Betty,Wright,bwrightgn@twitpic.com,bwrightgn
601,Sandra,Cunningham,scunninghamgo@mayoclinic.com,scunninghamgo
602,Amy,Hunt,ahuntgp@hp.com,ahuntgp
603,Bobby,Coleman,bcolemangq@angelfire.com,bcolemangq
604,Frances,Fuller,ffullergr@unblog.fr,ffullergr
605,Elizabeth,Payne,epaynegs@merriam-webster.com,epaynegs
606,Heather,Stevens,hstevensgt@sourceforge.net,hstevensgt
607,Willie,Simpson,wsimpsongu@netvibes.com,wsimpsongu
608,Ernest,Chapman,echapmangv@ucsd.edu,echapmangv
609,Ryan,Murray,rmurraygw@last.fm,rmurraygw
610,Kathy,Cook,kcookgx@google.co.uk,kcookgx
611,James,Carr,jcarrgy@cnn.com,jcarrgy
612,Jennifer,Hudson,jhudsongz@issuu.com,jhudsongz
613,Margaret,Olson,molsonh0@bizjournals.com,molsonh0
614,Eric,Willis,ewillish1@sfgate.com,ewillish1
615,Keith,Fields,kfieldsh2@virginia.edu,kfieldsh2
616,Larry,Graham,lgrahamh3@elpais.com,lgrahamh3
617,Kathryn,Coleman,kcolemanh4@weebly.com,kcolemanh4
618,Rachel,Bishop,rbishoph5@scientificamerican.com,rbishoph5
619,Jonathan,Wagner,jwagnerh6@craigslist.org,jwagnerh6
620,Anna,Marshall,amarshallh7@macromedia.com,amarshallh7
621,Clarence,Berry,cberryh8@latimes.com,cberryh8
622,Margaret,Woods,mwoodsh9@ustream.tv,mwoodsh9
623,Ashley,Lewis,alewisha@nps.gov,alewisha
624,Robin,Perkins,rperkinshb@tripadvisor.com,rperkinshb
625,Patricia,Lee,pleehc@newsvine.com,pleehc
626,Louis,Wilson,lwilsonhd@chicagotribune.com,lwilsonhd
627,Teresa,Henry,thenryhe@linkedin.com,thenryhe
628,Roger,Patterson,rpattersonhf@uol.com.br,rpattersonhf
629,Alice,Cook,acookhg@storify.com,acookhg
630,Sarah,Mccoy,smccoyhh@elpais.com,smccoyhh
631,Denise,Harris,dharrishi@over-blog.com,dharrishi
632,Katherine,Evans,kevanshj@lycos.com,kevanshj
633,Kenneth,Williams,kwilliamshk@amazon.co.uk,kwilliamshk
634,Sean,Stewart,sstewarthl@posterous.com,sstewarthl
635,Elizabeth,Castillo,ecastillohm@google.nl,ecastillohm
636,Louise,Jordan,ljordanhn@reddit.com,ljordanhn
637,Aaron,Wells,awellsho@ucsd.edu,awellsho
638,Bruce,Robinson,brobinsonhp@uiuc.edu,brobinsonhp
639,Bonnie,Meyer,bmeyerhq@biglobe.ne.jp,bmeyerhq
640,Douglas,Harris,dharrishr@wp.com,dharrishr
641,Robert,Jacobs,rjacobshs@jiathis.com,rjacobshs
642,Norma,Gomez,ngomezht@fda.gov,ngomezht
643,Dorothy,Long,dlonghu@list-manage.com,dlonghu
644,William,Gonzales,wgonzaleshv@elpais.com,wgonzaleshv
645,Gloria,Carroll,gcarrollhw@pagesperso-orange.fr,gcarrollhw
646,Tina,Foster,tfosterhx@soundcloud.com,tfosterhx
647,Ann,Stephens,astephenshy@list-manage.com,astephenshy
648,Jason,Bradley,jbradleyhz@linkedin.com,jbradleyhz
649,Wanda,Williamson,wwilliamsoni0@hud.gov,wwilliamsoni0
650,Douglas,Wheeler,dwheeleri1@twitpic.com,dwheeleri1
651,Ronald,Willis,rwillisi2@infoseek.co.jp,rwillisi2
652,Daniel,Gutierrez,dgutierrezi3@reverbnation.com,dgutierrezi3
653,Linda,Murphy,lmurphyi4@umn.edu,lmurphyi4
654,Mark,Walker,mwalkeri5@zimbio.com,mwalkeri5
655,Martha,Ward,mwardi6@cnn.com,mwardi6
656,Martha,Moore,mmoorei7@360.cn,mmoorei7
657,Sarah,Butler,sbutleri8@ovh.net,sbutleri8
658,Roger,Chavez,rchavezi9@4shared.com,rchavezi9
659,Michelle,Olson,molsonia@bizjournals.com,molsonia
660,Brandon,Harvey,bharveyib@time.com,bharveyib
661,Michelle,Hughes,mhughesic@vk.com,mhughesic
662,Annie,Thomas,athomasid@alexa.com,athomasid
663,Peter,Barnes,pbarnesie@alibaba.com,pbarnesie
664,Terry,Smith,tsmithif@smugmug.com,tsmithif
665,Phillip,Kennedy,pkennedyig@oakley.com,pkennedyig
666,Mary,Bryant,mbryantih@com.com,mbryantih
667,Gregory,Watkins,gwatkinsii@so-net.ne.jp,gwatkinsii
668,Jeffrey,Reyes,jreyesij@uiuc.edu,jreyesij
669,Antonio,Wilson,awilsonik@delicious.com,awilsonik
670,Kelly,Henderson,khendersonil@rambler.ru,khendersonil
671,Peter,Price,ppriceim@jalbum.net,ppriceim
672,Adam,Dunn,adunnin@dell.com,adunnin
673,Alan,Murray,amurrayio@imageshack.us,amurrayio
674,Larry,Johnston,ljohnstonip@cargocollective.com,ljohnstonip
675,Michael,Jenkins,mjenkinsiq@redcross.org,mjenkinsiq
676,Rose,Morrison,rmorrisonir@hatena.ne.jp,rmorrisonir
677,Marilyn,Vasquez,mvasquezis@wikimedia.org,mvasquezis
678,Patricia,Jordan,pjordanit@clickbank.net,pjordanit
679,Richard,Ray,rrayiu@so-net.ne.jp,rrayiu
680,Harold,Bryant,hbryantiv@behance.net,hbryantiv
681,Jesse,Perez,jpereziw@accuweather.com,jpereziw
682,Louis,Medina,lmedinaix@woothemes.com,lmedinaix
683,Sandra,Meyer,smeyeriy@upenn.edu,smeyeriy
684,Susan,Romero,sromeroiz@dmoz.org,sromeroiz
685,Louis,Alexander,lalexanderj0@google.ca,lalexanderj0
686,Stephanie,Garcia,sgarciaj1@homestead.com,sgarciaj1
687,Melissa,Walker,mwalkerj2@webeden.co.uk,mwalkerj2
688,Peter,Long,plongj3@mac.com,plongj3
689,Tammy,Rivera,triveraj4@skyrock.com,triveraj4
690,Susan,Jacobs,sjacobsj5@indiatimes.com,sjacobsj5
691,Kathleen,Stone,kstonej6@state.tx.us,kstonej6
692,Diane,Martin,dmartinj7@wired.com,dmartinj7
693,Teresa,Sanders,tsandersj8@omniture.com,tsandersj8
694,Justin,Ruiz,jruizj9@cornell.edu,jruizj9
695,Nancy,Powell,npowellja@baidu.com,npowellja
696,Kimberly,Clark,kclarkjb@edublogs.org,kclarkjb
697,Julie,Mendoza,jmendozajc@sbwire.com,jmendozajc
698,Bonnie,Martinez,bmartinezjd@opera.com,bmartinezjd
699,Ruby,Gutierrez,rgutierrezje@google.com.br,rgutierrezje
700,Kathryn,Williamson,kwilliamsonjf@gravatar.com,kwilliamsonjf
701,Stephen,Long,slongjg@seattletimes.com,slongjg
702,Howard,Matthews,hmatthewsjh@wordpress.org,hmatthewsjh
703,Joyce,Thomas,jthomasji@jiathis.com,jthomasji
704,Samuel,Mcdonald,smcdonaldjj@zimbio.com,smcdonaldjj
705,Terry,Richards,trichardsjk@tuttocitta.it,trichardsjk
706,Keith,Hamilton,khamiltonjl@rambler.ru,khamiltonjl
707,Rebecca,Carroll,rcarrolljm@dropbox.com,rcarrolljm
708,George,Hernandez,ghernandezjn@hexun.com,ghernandezjn
709,Margaret,Nichols,mnicholsjo@github.com,mnicholsjo
710,Brian,Cruz,bcruzjp@usnews.com,bcruzjp
711,Earl,Watson,ewatsonjq@cnet.com,ewatsonjq
712,Judith,Shaw,jshawjr@noaa.gov,jshawjr
713,Anna,Bell,abelljs@symantec.com,abelljs
714,Susan,Williams,swilliamsjt@amazon.de,swilliamsjt
715,Eric,Robinson,erobinsonju@furl.net,erobinsonju
716,Brandon,Schmidt,bschmidtjv@ucla.edu,bschmidtjv
717,Todd,Alvarez,talvarezjw@mit.edu,talvarezjw
718,Michelle,Welch,mwelchjx@soup.io,mwelchjx
719,Brian,Reed,breedjy@homestead.com,breedjy
720,Janet,Hill,jhilljz@ebay.co.uk,jhilljz
721,Denise,Bradley,dbradleyk0@slideshare.net,dbradleyk0
722,Fred,Gibson,fgibsonk1@wordpress.org,fgibsonk1
723,Carl,Stephens,cstephensk2@studiopress.com,cstephensk2
724,Arthur,Cunningham,acunninghamk3@ovh.net,acunninghamk3
725,Rose,Oliver,roliverk4@skyrock.com,roliverk4
726,Carl,Scott,cscottk5@bloglines.com,cscottk5
727,Martin,Phillips,mphillipsk6@acquirethisname.com,mphillipsk6
728,Sandra,Fuller,sfullerk7@deviantart.com,sfullerk7
729,Christina,Gray,cgrayk8@who.int,cgrayk8
730,Pamela,Meyer,pmeyerk9@naver.com,pmeyerk9
731,Bobby,Elliott,belliottka@ted.com,belliottka
732,Philip,Russell,prussellkb@sbwire.com,prussellkb
733,Sharon,Collins,scollinskc@nasa.gov,scollinskc
734,Ashley,Stone,astonekd@upenn.edu,astonekd
735,Henry,Dixon,hdixonke@pen.io,hdixonke
736,Julia,Wheeler,jwheelerkf@dropbox.com,jwheelerkf
737,Ann,Hicks,ahickskg@typepad.com,ahickskg
738,Shirley,Ferguson,sfergusonkh@last.fm,sfergusonkh
739,Teresa,Bradley,tbradleyki@mtv.com,tbradleyki
740,Albert,Garrett,agarrettkj@merriam-webster.com,agarrettkj
741,Stephen,Hamilton,shamiltonkk@ameblo.jp,shamiltonkk
742,William,Tucker,wtuckerkl@yahoo.com,wtuckerkl
743,Timothy,Johnson,tjohnsonkm@businessinsider.com,tjohnsonkm
744,Jane,Marshall,jmarshallkn@paypal.com,jmarshallkn
745,Marilyn,Henderson,mhendersonko@vkontakte.ru,mhendersonko
746,Laura,Freeman,lfreemankp@domainmarket.com,lfreemankp
747,Patrick,Olson,polsonkq@va.gov,polsonkq
748,Chris,Berry,cberrykr@shop-pro.jp,cberrykr
749,Elizabeth,Garcia,egarciaks@taobao.com,egarciaks
750,Kathy,West,kwestkt@addtoany.com,kwestkt
751,Lois,Hall,lhallku@sciencedirect.com,lhallku
752,Shawn,Gilbert,sgilbertkv@omniture.com,sgilbertkv
753,Sandra,Hamilton,shamiltonkw@ameblo.jp,shamiltonkw
754,Scott,Dean,sdeankx@cbsnews.com,sdeankx
755,Sharon,Holmes,sholmesky@sourceforge.net,sholmesky
756,Joe,Perkins,jperkinskz@wix.com,jperkinskz
757,Katherine,Thompson,kthompsonl0@feedburner.com,kthompsonl0
758,Virginia,Payne,vpaynel1@simplemachines.org,vpaynel1
759,Keith,Rogers,krogersl2@ucoz.com,krogersl2
760,Lori,Washington,lwashingtonl3@mapquest.com,lwashingtonl3
761,Janice,Dunn,jdunnl4@gmpg.org,jdunnl4
762,Judith,Tucker,jtuckerl5@irs.gov,jtuckerl5
763,James,Welch,jwelchl6@qq.com,jwelchl6
764,Benjamin,Franklin,bfranklinl7@aboutads.info,bfranklinl7
765,Joyce,Cunningham,jcunninghaml8@jalbum.net,jcunninghaml8
766,Nancy,Patterson,npattersonl9@msu.edu,npattersonl9
767,Earl,Powell,epowellla@ted.com,epowellla
768,Rose,Chapman,rchapmanlb@geocities.com,rchapmanlb
769,Louise,Dean,ldeanlc@google.com,ldeanlc
770,Martin,Ramos,mramosld@icq.com,mramosld
771,Marie,Carr,mcarrle@fda.gov,mcarrle
772,Roger,Phillips,rphillipslf@dot.gov,rphillipslf
773,Randy,Day,rdaylg@washingtonpost.com,rdaylg
774,Benjamin,Baker,bbakerlh@clickbank.net,bbakerlh
775,Jesse,Ramirez,jramirezli@cafepress.com,jramirezli
776,Brenda,Burns,bburnslj@dmoz.org,bburnslj
777,Daniel,Flores,dfloreslk@behance.net,dfloreslk
778,Brenda,Carter,bcarterll@is.gd,bcarterll
779,Andrew,Matthews,amatthewslm@homestead.com,amatthewslm
780,Norma,Medina,nmedinaln@cloudflare.com,nmedinaln
781,Jessica,Cruz,jcruzlo@flickr.com,jcruzlo
782,Heather,Wright,hwrightlp@flavors.me,hwrightlp
783,Doris,Hansen,dhansenlq@tripadvisor.com,dhansenlq
784,Charles,Hanson,chansonlr@wiley.com,chansonlr
785,Barbara,Sullivan,bsullivanls@dropbox.com,bsullivanls
786,Rebecca,Mendoza,rmendozalt@com.com,rmendozalt
787,Debra,Romero,dromerolu@bluehost.com,dromerolu
788,Amy,Kim,akimlv@cisco.com,akimlv
789,Rebecca,Greene,rgreenelw@sciencedirect.com,rgreenelw
790,Philip,Kennedy,pkennedylx@ox.ac.uk,pkennedylx
791,Jose,Rodriguez,jrodriguezly@taobao.com,jrodriguezly
792,Mark,Bennett,mbennettlz@dropbox.com,mbennettlz
793,Wanda,Wilson,wwilsonm0@cbsnews.com,wwilsonm0
794,Stephen,Shaw,sshawm1@icq.com,sshawm1
795,Brenda,Jones,bjonesm2@nyu.edu,bjonesm2
796,Christine,Perez,cperezm3@barnesandnoble.com,cperezm3
797,David,Arnold,darnoldm4@exblog.jp,darnoldm4
798,Mildred,Ferguson,mfergusonm5@instagram.com,mfergusonm5
799,Benjamin,Freeman,bfreemanm6@nsw.gov.au,bfreemanm6
800,George,Ramos,gramosm7@people.com.cn,gramosm7
801,Barbara,Richards,brichardsm8@tripadvisor.com,brichardsm8
802,Stephen,Evans,sevansm9@uol.com.br,sevansm9
803,Sean,Frazier,sfrazierma@hostgator.com,sfrazierma
804,Diane,Ross,drossmb@topsy.com,drossmb
805,Daniel,Green,dgreenmc@yahoo.com,dgreenmc
806,Jacqueline,Kim,jkimmd@mail.ru,jkimmd
807,Stephanie,Reynolds,sreynoldsme@yahoo.com,sreynoldsme
808,Peter,Simmons,psimmonsmf@istockphoto.com,psimmonsmf
809,Sandra,Woods,swoodsmg@yale.edu,swoodsmg
810,Alan,Day,adaymh@samsung.com,adaymh
811,Cynthia,Ellis,cellismi@wordpress.org,cellismi
812,Jacqueline,Martinez,jmartinezmj@blog.com,jmartinezmj
813,Pamela,Stevens,pstevensmk@unesco.org,pstevensmk
814,William,Morrison,wmorrisonml@rediff.com,wmorrisonml
815,Thomas,Day,tdaymm@printfriendly.com,tdaymm
816,Kimberly,Cruz,kcruzmn@vkontakte.ru,kcruzmn
817,Terry,Berry,tberrymo@yolasite.com,tberrymo
818,Sharon,Larson,slarsonmp@discuz.net,slarsonmp
819,Craig,Carter,ccartermq@msu.edu,ccartermq
820,Heather,Jackson,hjacksonmr@shutterfly.com,hjacksonmr
821,Jessica,Young,jyoungms@mysql.com,jyoungms
822,Timothy,Richards,trichardsmt@tuttocitta.it,trichardsmt
823,Andrea,Henderson,ahendersonmu@indiegogo.com,ahendersonmu
824,Harry,Banks,hbanksmv@eventbrite.com,hbanksmv
825,Michael,Brooks,mbrooksmw@bbb.org,mbrooksmw
826,Sara,Hamilton,shamiltonmx@i2i.jp,shamiltonmx
827,Marie,Moreno,mmorenomy@booking.com,mmorenomy
828,Virginia,Jordan,vjordanmz@imageshack.us,vjordanmz
829,Martha,Fields,mfieldsn0@earthlink.net,mfieldsn0
830,Clarence,Morris,cmorrisn1@china.com.cn,cmorrisn1
831,Rebecca,Coleman,rcolemann2@myspace.com,rcolemann2
832,Teresa,Crawford,tcrawfordn3@nba.com,tcrawfordn3
833,Jose,Hudson,jhudsonn4@trellian.com,jhudsonn4
834,Donna,Hansen,dhansenn5@ning.com,dhansenn5
835,Craig,Fox,cfoxn6@uol.com.br,cfoxn6
836,Ronald,Weaver,rweavern7@noaa.gov,rweavern7
837,Jimmy,Cox,jcoxn8@hao123.com,jcoxn8
838,Melissa,Stevens,mstevensn9@skype.com,mstevensn9
839,Ashley,Hunt,ahuntna@posterous.com,ahuntna
840,Laura,Diaz,ldiaznb@last.fm,ldiaznb
841,Eric,Rice,ericenc@hao123.com,ericenc
842,Christine,Gray,cgraynd@unc.edu,cgraynd
843,Kenneth,Olson,kolsonne@naver.com,kolsonne
844,Shirley,Watson,swatsonnf@github.com,swatsonnf
845,Samuel,Greene,sgreeneng@time.com,sgreeneng
846,Antonio,Hunter,ahunternh@tinyurl.com,ahunternh
847,Susan,Gomez,sgomezni@geocities.com,sgomezni
848,Matthew,Stone,mstonenj@live.com,mstonenj
849,Andrew,Dixon,adixonnk@nba.com,adixonnk
850,Todd,Hamilton,thamiltonnl@t-online.de,thamiltonnl
851,Kelly,Hart,khartnm@paginegialle.it,khartnm
852,Jonathan,Butler,jbutlernn@cdbaby.com,jbutlernn
853,Joseph,Hall,jhallno@myspace.com,jhallno
854,Deborah,Wilson,dwilsonnp@cpanel.net,dwilsonnp
855,Craig,Greene,cgreenenq@chicagotribune.com,cgreenenq
856,Brenda,Wheeler,bwheelernr@google.com.au,bwheelernr
857,Timothy,Kelly,tkellyns@wikispaces.com,tkellyns
858,Keith,Gibson,kgibsonnt@meetup.com,kgibsonnt
859,Albert,Jones,ajonesnu@rediff.com,ajonesnu
860,Elizabeth,Hernandez,ehernandeznv@flavors.me,ehernandeznv
861,Sandra,Brooks,sbrooksnw@state.gov,sbrooksnw
862,Philip,Myers,pmyersnx@archive.org,pmyersnx
863,Justin,Watson,jwatsonny@hexun.com,jwatsonny
864,Laura,Sims,lsimsnz@blogger.com,lsimsnz
865,Patrick,Mills,pmillso0@dailymotion.com,pmillso0
866,Nicholas,Anderson,nandersono1@xing.com,nandersono1
867,Judith,Wallace,jwallaceo2@163.com,jwallaceo2
868,Kimberly,Alvarez,kalvarezo3@indiegogo.com,kalvarezo3
869,Philip,Greene,pgreeneo4@usgs.gov,pgreeneo4
870,Jesse,Riley,jrileyo5@amazonaws.com,jrileyo5
871,Robin,Jacobs,rjacobso6@va.gov,rjacobso6
872,Lawrence,Price,lpriceo7@house.gov,lpriceo7
873,Ruth,Crawford,rcrawfordo8@cdc.gov,rcrawfordo8
874,Frank,Willis,fwilliso9@reverbnation.com,fwilliso9
875,Anne,Garza,agarzaoa@ustream.tv,agarzaoa
876,Jimmy,Taylor,jtaylorob@fda.gov,jtaylorob
877,Jeremy,Graham,jgrahamoc@apache.org,jgrahamoc
878,Adam,Rice,ariceod@newyorker.com,ariceod
879,Arthur,Hughes,ahughesoe@statcounter.com,ahughesoe
880,Christine,Butler,cbutlerof@networkadvertising.org,cbutlerof
881,Lisa,Lopez,llopezog@artisteer.com,llopezog
882,Kevin,Gutierrez,kgutierrezoh@cornell.edu,kgutierrezoh
883,Irene,Hill,ihilloi@marketwatch.com,ihilloi
884,Susan,Little,slittleoj@independent.co.uk,slittleoj
885,Donna,Hudson,dhudsonok@twitter.com,dhudsonok
886,Ashley,Payne,apayneol@discovery.com,apayneol
887,Sean,Stewart,sstewartom@exblog.jp,sstewartom
888,Amy,Garrett,agarretton@g.co,agarretton
889,Walter,Bell,wbelloo@princeton.edu,wbelloo
890,Howard,Smith,hsmithop@goo.gl,hsmithop
891,David,Bell,dbelloq@google.ru,dbelloq
892,Alan,Webb,awebbor@aol.com,awebbor
893,Sharon,Castillo,scastilloos@pbs.org,scastilloos
894,Lisa,Vasquez,lvasquezot@theguardian.com,lvasquezot
895,Jimmy,Fowler,jfowlerou@php.net,jfowlerou
896,Martha,Brown,mbrownov@w3.org,mbrownov
897,Margaret,Palmer,mpalmerow@admin.ch,mpalmerow
898,Scott,Howard,showardox@artisteer.com,showardox
899,Janice,Morris,jmorrisoy@multiply.com,jmorrisoy
900,Helen,Armstrong,harmstrongoz@i2i.jp,harmstrongoz
901,Anthony,Hill,ahillp0@blinklist.com,ahillp0
902,Betty,Carr,bcarrp1@indiegogo.com,bcarrp1
903,Susan,Ford,sfordp2@tuttocitta.it,sfordp2
904,Mark,Cole,mcolep3@elpais.com,mcolep3
905,Julia,Ford,jfordp4@bigcartel.com,jfordp4
906,Kathy,Daniels,kdanielsp5@huffingtonpost.com,kdanielsp5
907,Alice,Watkins,awatkinsp6@multiply.com,awatkinsp6
908,Carolyn,Burton,cburtonp7@hostgator.com,cburtonp7
909,Virginia,Ramirez,vramirezp8@free.fr,vramirezp8
910,Amanda,Dean,adeanp9@disqus.com,adeanp9
911,Donald,James,djamespa@sohu.com,djamespa
912,Robert,Gilbert,rgilbertpb@tinypic.com,rgilbertpb
913,Fred,Castillo,fcastillopc@tinypic.com,fcastillopc
914,Jane,Graham,jgrahampd@123-reg.co.uk,jgrahampd
915,Kathryn,Wright,kwrightpe@diigo.com,kwrightpe
916,Annie,Wheeler,awheelerpf@ftc.gov,awheelerpf
917,Frank,Frazier,ffrazierpg@lulu.com,ffrazierpg
918,Howard,Rodriguez,hrodriguezph@reference.com,hrodriguezph
919,Amanda,Rivera,ariverapi@phpbb.com,ariverapi
920,Mark,Meyer,mmeyerpj@odnoklassniki.ru,mmeyerpj
921,Beverly,Hughes,bhughespk@pagesperso-orange.fr,bhughespk
922,Shirley,Rogers,srogerspl@ted.com,srogerspl
923,Ernest,Davis,edavispm@yellowpages.com,edavispm
924,Patricia,Grant,pgrantpn@virginia.edu,pgrantpn
925,Rachel,Davis,rdavispo@vistaprint.com,rdavispo
926,Deborah,Reid,dreidpp@imgur.com,dreidpp
927,Catherine,Crawford,ccrawfordpq@gov.uk,ccrawfordpq
928,Melissa,George,mgeorgepr@salon.com,mgeorgepr
929,Cheryl,Thompson,cthompsonps@slashdot.org,cthompsonps
930,Tammy,Hansen,thansenpt@harvard.edu,thansenpt
931,Amanda,Hunter,ahunterpu@whitehouse.gov,ahunterpu
932,Steve,Stanley,sstanleypv@smh.com.au,sstanleypv
933,Billy,Porter,bporterpw@mediafire.com,bporterpw
934,Thomas,Wallace,twallacepx@unicef.org,twallacepx
935,Jimmy,Reed,jreedpy@de.vu,jreedpy
936,Joe,Ward,jwardpz@dailymotion.com,jwardpz
937,Lawrence,Rivera,lriveraq0@rambler.ru,lriveraq0
938,Willie,Tucker,wtuckerq1@blog.com,wtuckerq1
939,Ryan,Fuller,rfullerq2@prlog.org,rfullerq2
940,Kathryn,Stanley,kstanleyq3@yellowbook.com,kstanleyq3
941,Catherine,Hernandez,chernandezq4@ustream.tv,chernandezq4
942,Brian,Scott,bscottq5@cnet.com,bscottq5
943,Robert,Bowman,rbowmanq6@paypal.com,rbowmanq6
944,Nicholas,Jones,njonesq7@nsw.gov.au,njonesq7
945,Billy,Wallace,bwallaceq8@boston.com,bwallaceq8
946,Jose,Little,jlittleq9@plala.or.jp,jlittleq9
947,John,Flores,jfloresqa@bbc.co.uk,jfloresqa
948,Helen,Rivera,hriveraqb@nydailynews.com,hriveraqb
949,Eric,Pierce,epierceqc@slate.com,epierceqc
950,Bobby,Montgomery,bmontgomeryqd@sina.com.cn,bmontgomeryqd
951,Joan,Little,jlittleqe@digg.com,jlittleqe
952,Larry,Olson,lolsonqf@bigcartel.com,lolsonqf
953,Henry,Armstrong,harmstrongqg@diigo.com,harmstrongqg
954,George,Hawkins,ghawkinsqh@marriott.com,ghawkinsqh
955,Patricia,Sanders,psandersqi@myspace.com,psandersqi
956,Wayne,Boyd,wboydqj@ehow.com,wboydqj
957,Mary,Snyder,msnyderqk@unicef.org,msnyderqk
958,Earl,Hicks,ehicksql@reddit.com,ehicksql
959,Henry,Jenkins,hjenkinsqm@de.vu,hjenkinsqm
960,Diane,Ray,drayqn@opera.com,drayqn
961,Alan,Collins,acollinsqo@google.pl,acollinsqo
962,Evelyn,Daniels,edanielsqp@abc.net.au,edanielsqp
963,Jacqueline,Duncan,jduncanqq@zimbio.com,jduncanqq
964,Brenda,Wheeler,bwheelerqr@stumbleupon.com,bwheelerqr
965,Patrick,Hernandez,phernandezqs@jugem.jp,phernandezqs
966,Pamela,Taylor,ptaylorqt@dedecms.com,ptaylorqt
967,Lawrence,Allen,lallenqu@prweb.com,lallenqu
968,Bobby,Payne,bpayneqv@desdev.cn,bpayneqv
969,Irene,Romero,iromeroqw@archive.org,iromeroqw
970,Louise,Hunt,lhuntqx@wp.com,lhuntqx
971,Alan,Sanchez,asanchezqy@yellowbook.com,asanchezqy
972,Nicholas,Rodriguez,nrodriguezqz@macromedia.com,nrodriguezqz
973,James,Foster,jfosterr0@aboutads.info,jfosterr0
974,James,Webb,jwebbr1@ow.ly,jwebbr1
975,Amanda,Kim,akimr2@goo.ne.jp,akimr2
976,Maria,Peterson,mpetersonr3@cnn.com,mpetersonr3
977,Mildred,Day,mdayr4@trellian.com,mdayr4
978,Michelle,Jones,mjonesr5@intel.com,mjonesr5
979,Kathy,Bennett,kbennettr6@fc2.com,kbennettr6
980,Raymond,Day,rdayr7@umich.edu,rdayr7
981,Mary,Martinez,mmartinezr8@hud.gov,mmartinezr8
982,Patricia,Welch,pwelchr9@ihg.com,pwelchr9
983,Earl,Burns,eburnsra@sciencedirect.com,eburnsra
984,David,Bailey,dbaileyrb@hc360.com,dbaileyrb
985,Debra,Alexander,dalexanderrc@archive.org,dalexanderrc
986,Cynthia,Hughes,chughesrd@reddit.com,chughesrd
987,Teresa,Carr,tcarrre@ucla.edu,tcarrre
988,Tina,Allen,tallenrf@t.co,tallenrf
989,Joyce,Fields,jfieldsrg@xinhuanet.com,jfieldsrg
990,Evelyn,Sullivan,esullivanrh@army.mil,esullivanrh
991,Linda,Ramos,lramosri@wix.com,lramosri
992,Albert,Richards,arichardsrj@networksolutions.com,arichardsrj
993,Christopher,Young,cyoungrk@redcross.org,cyoungrk
994,Catherine,Stone,cstonerl@fotki.com,cstonerl
995,Scott,Stone,sstonerm@youku.com,sstonerm
996,Michael,Rice,mricern@prnewswire.com,mricern
997,Brian,Duncan,bduncanro@google.pl,bduncanro
998,Eugene,Burns,eburnsrp@usa.gov,eburnsrp
999,Sean,Gonzales,sgonzalesrq@blinklist.com,sgonzalesrq
1000,Larry,Webb,lwebbrr@gov.uk,lwebbrr
